{
    "0_0": {
        "data": 1.9999999999999993,
        "t": 2,
        "d": 2,
        "e": 1
    },
    "0_1": {
        "data": 1.1733333333333336,
        "t": 2,
        "d": 2,
        "e": 2
    },
    "0_2": {
        "data": 1.0430839002267578,
        "t": 2,
        "d": 2,
        "e": 4
    },
    "0_3": {
        "data": 1.0111188004613598,
        "t": 2,
        "d": 2,
        "e": 8
    },
    "0_4": {
        "data": 1.0028465527472243,
        "t": 2,
        "d": 2,
        "e": 16
    },
    "0_5": {
        "data": 1.0007215088533779,
        "t": 2,
        "d": 2,
        "e": 32
    },
    "0_6": {
        "data": 1.0001817083136597,
        "t": 2,
        "d": 2,
        "e": 64
    },
    "0_7": {
        "data": 2.0,
        "t": 2,
        "d": 4,
        "e": 1
    },
    "0_8": {
        "data": 1.2305366591080884,
        "t": 2,
        "d": 4,
        "e": 2
    },
    "0_9": {
        "data": 1.057439446366781,
        "t": 2,
        "d": 4,
        "e": 4
    },
    "0_10": {
        "data": 1.014462093262585,
        "t": 2,
        "d": 4,
        "e": 8
    },
    "0_11": {
        "data": 1.0036361684713342,
        "t": 2,
        "d": 4,
        "e": 16
    },
    "0_12": {
        "data": 1.0009121182835836,
        "t": 2,
        "d": 4,
        "e": 32
    },
    "0_13": {
        "data": 1.0002284452651045,
        "t": 2,
        "d": 4,
        "e": 64
    },
    "0_14": {
        "data": 2.0000000000000004,
        "t": 2,
        "d": 8,
        "e": 1
    },
    "0_15": {
        "data": 1.2451211072664352,
        "t": 2,
        "d": 8,
        "e": 2
    },
    "0_16": {
        "data": 1.0612223837084303,
        "t": 2,
        "d": 8,
        "e": 4
    },
    "0_17": {
        "data": 1.0153320184089423,
        "t": 2,
        "d": 8,
        "e": 8
    },
    "0_18": {
        "data": 1.0038384078931486,
        "t": 2,
        "d": 8,
        "e": 16
    },
    "0_19": {
        "data": 1.0009604089152435,
        "t": 2,
        "d": 8,
        "e": 32
    },
    "0_20": {
        "data": 1.0002402113305242,
        "t": 2,
        "d": 8,
        "e": 64
    },
    "0_21": {
        "data": 1.9999999999999982,
        "t": 2,
        "d": 16,
        "e": 1
    },
    "0_22": {
        "data": 1.2487795369263537,
        "t": 2,
        "d": 16,
        "e": 2
    },
    "0_23": {
        "data": 1.062179822619384,
        "t": 2,
        "d": 16,
        "e": 4
    },
    "0_24": {
        "data": 1.0155516139407976,
        "t": 2,
        "d": 16,
        "e": 8
    },
    "0_25": {
        "data": 1.0038892693748758,
        "t": 2,
        "d": 16,
        "e": 16
    },
    "0_26": {
        "data": 1.000972521445952,
        "t": 2,
        "d": 16,
        "e": 32
    },
    "0_27": {
        "data": 1.0002431579604836,
        "t": 2,
        "d": 16,
        "e": 64
    },
    "0_28": {
        "data": 2.0,
        "t": 2,
        "d": 32,
        "e": 1
    },
    "0_29": {
        "data": 1.2496948391453895,
        "t": 2,
        "d": 32,
        "e": 2
    },
    "0_30": {
        "data": 1.0624199074249958,
        "t": 2,
        "d": 32,
        "e": 4
    },
    "0_31": {
        "data": 1.0156066446980758,
        "t": 2,
        "d": 32,
        "e": 8
    },
    "0_32": {
        "data": 1.0039020035877149,
        "t": 2,
        "d": 32,
        "e": 16
    },
    "0_33": {
        "data": 1.0009755520703754,
        "t": 2,
        "d": 32,
        "e": 32
    },
    "0_34": {
        "data": 1.0002438949375647,
        "t": 2,
        "d": 32,
        "e": 64
    },
    "0_35": {
        "data": 2.000000000000001,
        "t": 2,
        "d": 64,
        "e": 1
    },
    "0_36": {
        "data": 1.2499237069864075,
        "t": 2,
        "d": 64,
        "e": 2
    },
    "0_37": {
        "data": 1.062479973843473,
        "t": 2,
        "d": 64,
        "e": 4
    },
    "0_38": {
        "data": 1.0156204106253897,
        "t": 2,
        "d": 64,
        "e": 8
    },
    "0_39": {
        "data": 1.0039051883184298,
        "t": 2,
        "d": 64,
        "e": 16
    },
    "0_40": {
        "data": 1.000976309882212,
        "t": 2,
        "d": 64,
        "e": 32
    },
    "0_41": {
        "data": 1.0002440792018095,
        "t": 2,
        "d": 64,
        "e": 64
    },
    "1_0": {
        "data": 4.999999999999979,
        "t": 3,
        "d": 2,
        "e": 1
    },
    "1_1": {
        "data": 1.5599999999999978,
        "t": 3,
        "d": 2,
        "e": 2
    },
    "1_2": {
        "data": 1.1315192743764206,
        "t": 3,
        "d": 2,
        "e": 4
    },
    "1_3": {
        "data": 1.033494809688587,
        "t": 3,
        "d": 2,
        "e": 8
    },
    "1_4": {
        "data": 1.0085482580989207,
        "t": 3,
        "d": 2,
        "e": 16
    },
    "1_5": {
        "data": 1.0021650632639625,
        "t": 3,
        "d": 2,
        "e": 32
    },
    "1_6": {
        "data": 1.000545158472676,
        "t": 3,
        "d": 2,
        "e": 64
    },
    "1_7": {
        "data": 5.999999999999991,
        "t": 3,
        "d": 4,
        "e": 1
    },
    "1_8": {
        "data": 1.7891156462585107,
        "t": 3,
        "d": 4,
        "e": 2
    },
    "1_9": {
        "data": 1.1783552636740942,
        "t": 3,
        "d": 4,
        "e": 4
    },
    "1_10": {
        "data": 1.0437704047607588,
        "t": 3,
        "d": 4,
        "e": 8
    },
    "1_11": {
        "data": 1.010932864925907,
        "t": 3,
        "d": 4,
        "e": 16
    },
    "1_12": {
        "data": 1.0027378906095232,
        "t": 3,
        "d": 4,
        "e": 32
    },
    "1_13": {
        "data": 1.0006854322328838,
        "t": 3,
        "d": 4,
        "e": 64
    },
    "1_14": {
        "data": 5.999999999999952,
        "t": 3,
        "d": 8,
        "e": 1
    },
    "1_15": {
        "data": 1.853148788927339,
        "t": 3,
        "d": 8,
        "e": 2
    },
    "1_16": {
        "data": 1.1910083880150872,
        "t": 3,
        "d": 8,
        "e": 4
    },
    "1_17": {
        "data": 1.046457179232905,
        "t": 3,
        "d": 8,
        "e": 8
    },
    "1_18": {
        "data": 1.011544161806088,
        "t": 3,
        "d": 8,
        "e": 16
    },
    "1_19": {
        "data": 1.0028830397935715,
        "t": 3,
        "d": 8,
        "e": 32
    },
    "1_20": {
        "data": 1.0007207474565745,
        "t": 3,
        "d": 8,
        "e": 64
    },
    "1_21": {
        "data": 5.999999999999994,
        "t": 3,
        "d": 16,
        "e": 1
    },
    "1_22": {
        "data": 1.8695143660615228,
        "t": 3,
        "d": 16,
        "e": 2
    },
    "1_23": {
        "data": 1.194232394787694,
        "t": 3,
        "d": 16,
        "e": 4
    },
    "1_24": {
        "data": 1.0471362625805745,
        "t": 3,
        "d": 16,
        "e": 8
    },
    "1_25": {
        "data": 1.0116979283794296,
        "t": 3,
        "d": 16,
        "e": 16
    },
    "1_26": {
        "data": 1.0029194480298382,
        "t": 3,
        "d": 16,
        "e": 32
    },
    "1_27": {
        "data": 1.0007295916519738,
        "t": 3,
        "d": 16,
        "e": 64
    },
    "1_28": {
        "data": 6.000000000000031,
        "t": 3,
        "d": 32,
        "e": 1
    },
    "1_29": {
        "data": 1.8736271786821215,
        "t": 3,
        "d": 32,
        "e": 2
    },
    "1_30": {
        "data": 1.1950422184506797,
        "t": 3,
        "d": 32,
        "e": 4
    },
    "1_31": {
        "data": 1.0473064957517848,
        "t": 3,
        "d": 32,
        "e": 8
    },
    "1_32": {
        "data": 1.0117364288571968,
        "t": 3,
        "d": 32,
        "e": 16
    },
    "1_33": {
        "data": 1.0029285576406122,
        "t": 3,
        "d": 32,
        "e": 32
    },
    "1_34": {
        "data": 1.0007318036621335,
        "t": 3,
        "d": 32,